case_id,reviewer_id,selection_arm,complexity,approp_diagnostic_clinician,approp_diagnostic_ai,approp_treatment_clinician,approp_treatment_ai,choice_diagnostic,choice_treatment,elapsed_seconds
1,R07,discordant_bad_outcome,middle,4,4,4,2,ai,clinician,293
1,R10,discordant_bad_outcome,middle,4,3,4,4,clinician,ai,228
2,R04,discordant_bad_outcome,low,4,3,3,3,clinician,clinician,171
2,R01,discordant_bad_outcome,low,3,3,3,3,clinician,ai,739
3,R03,discordant_bad_outcome,middle,2,2,3,2,ai,clinician,549
3,R10,discordant_bad_outcome,middle,3,3,3,2,ai,clinician,931
4,R08,discordant_bad_outcome,middle,3,3,3,3,ai,ai,157
4,R10,discordant_bad_outcome,middle,3,3,2,3,ai,clinician,845
5,R08,discordant_bad_outcome,high,1,2,2,2,ai,ai,294
5,R10,discordant_bad_outcome,high,2,2,3,2,clinician,ai,255
6,R05,discordant_bad_outcome,low,1,3,2,3,ai,ai,253
6,R08,discordant_bad_outcome,low,2,2,3,2,ai,clinician,251
7,R06,discordant_bad_outcome,middle,3,3,3,3,ai,ai,373
7,R10,discordant_bad_outcome,middle,2,2,2,4,clinician,ai,1461
8,R03,discordant_bad_outcome,low,3,4,4,3,ai,clinician,909
8,R09,discordant_bad_outcome,low,3,4,3,3,ai,clinician,491
9,R02,discordant_bad_outcome,low,3,3,3,3,clinician,clinician,378
9,R03,discordant_bad_outcome,low,2,2,2,3,clinician,clinician,512
10,R09,discordant_bad_outcome,low,3,3,4,2,ai,clinician,196
10,R07,discordant_bad_outcome,low,3,2,3,3,clinician,clinician,322
11,R08,discordant_bad_outcome,middle,2,2,2,2,ai,ai,278
11,R02,discordant_bad_outcome,middle,3,3,2,2,ai,ai,143
12,R06,discordant_bad_outcome,middle,3,3,4,4,ai,clinician,216
12,R08,discordant_bad_outcome,middle,4,3,3,3,ai,clinician,69
13,R05,discordant_bad_outcome,high,1,3,3,2,ai,clinician,491
13,R01,discordant_bad_outcome,high,3,2,2,3,ai,clinician,323
14,R10,discordant_bad_outcome,middle,3,2,2,2,ai,clinician,677
14,R06,discordant_bad_outcome,middle,2,1,2,3,ai,ai,386
15,R04,discordant_bad_outcome,low,3,1,3,2,clinician,clinician,101
15,R05,discordant_bad_outcome,low,3,3,3,2,clinician,ai,330
16,R08,discordant_bad_outcome,low,3,3,2,3,clinician,ai,151
16,R03,discordant_bad_outcome,low,3,3,2,3,ai,ai,248
17,R04,discordant_bad_outcome,high,4,3,2,3,ai,ai,325
17,R07,discordant_bad_outcome,high,3,3,3,4,clinician,clinician,164
18,R05,discordant_bad_outcome,middle,2,3,3,3,clinician,ai,148
18,R02,discordant_bad_outcome,middle,3,3,2,4,clinician,clinician,324
19,R02,discordant_bad_outcome,high,1,2,2,1,ai,ai,384
19,R03,discordant_bad_outcome,high,2,1,1,1,ai,ai,313
20,R06,discordant_bad_outcome,high,4,4,3,4,clinician,ai,189
20,R01,discordant_bad_outcome,high,4,4,3,4,clinician,ai,70
21,R10,discordant_bad_outcome,high,3,4,3,4,clinician,ai,461
21,R07,discordant_bad_outcome,high,3,3,3,3,clinician,ai,110
22,R01,discordant_bad_outcome,low,3,3,3,3,ai,ai,591
22,R04,discordant_bad_outcome,low,4,3,3,4,ai,ai,261
23,R08,discordant_bad_outcome,middle,2,4,2,2,clinician,clinician,201
23,R04,discordant_bad_outcome,middle,1,2,3,3,clinician,ai,246
24,R07,discordant_bad_outcome,middle,3,4,2,3,ai,ai,197
24,R02,discordant_bad_outcome,middle,3,3,3,3,ai,clinician,180
25,R08,discordant_bad_outcome,high,2,3,2,4,ai,ai,124
25,R01,discordant_bad_outcome,high,4,4,4,3,clinician,clinician,494
26,R04,discordant_bad_outcome,middle,2,2,2,2,clinician,ai,525
26,R03,discordant_bad_outcome,middle,2,2,2,2,ai,ai,234
27,R01,discordant_bad_outcome,low,3,2,2,2,ai,ai,188
27,R10,discordant_bad_outcome,low,3,1,3,3,ai,clinician,415
28,R08,discordant_bad_outcome,middle,3,2,3,3,ai,ai,188
28,R10,discordant_bad_outcome,middle,3,3,3,2,clinician,ai,211
29,R02,discordant_bad_outcome,low,2,2,1,2,ai,ai,267
29,R09,discordant_bad_outcome,low,2,4,2,3,ai,ai,225
30,R03,discordant_bad_outcome,high,4,3,2,2,clinician,ai,235
30,R07,discordant_bad_outcome,high,3,3,4,3,ai,clinician,90
31,R09,discordant_bad_outcome,middle,3,2,3,2,clinician,clinician,137
31,R03,discordant_bad_outcome,middle,3,2,3,2,clinician,clinician,692
32,R10,discordant_bad_outcome,middle,3,4,3,3,ai,ai,636
32,R08,discordant_bad_outcome,middle,4,3,3,3,clinician,clinician,190
33,R04,discordant_bad_outcome,middle,3,2,2,2,clinician,ai,152
33,R08,discordant_bad_outcome,middle,2,3,2,2,ai,clinician,158
34,R07,discordant_bad_outcome,low,3,3,3,2,ai,clinician,161
34,R08,discordant_bad_outcome,low,3,2,3,3,clinician,ai,263
35,R07,discordant_bad_outcome,low,3,3,3,2,clinician,clinician,123
35,R05,discordant_bad_outcome,low,2,3,2,2,ai,clinician,207
36,R08,discordant_bad_outcome,middle,3,2,3,2,ai,ai,710
36,R07,discordant_bad_outcome,middle,3,2,3,3,clinician,clinician,293
37,R08,discordant_bad_outcome,low,1,1,1,1,clinician,clinician,678
37,R05,discordant_bad_outcome,low,1,1,2,1,ai,ai,131
38,R05,discordant_bad_outcome,low,4,3,4,3,clinician,ai,326
38,R06,discordant_bad_outcome,low,3,4,3,4,ai,clinician,249
39,R10,discordant_bad_outcome,high,3,3,3,3,clinician,clinician,220
39,R03,discordant_bad_outcome,high,2,3,2,2,clinician,ai,238
40,R10,discordant_bad_outcome,middle,3,2,3,4,clinician,ai,1147
40,R03,discordant_bad_outcome,middle,3,3,2,2,ai,clinician,1062
41,R02,discordant_bad_outcome,middle,2,3,2,3,clinician,ai,370
41,R04,discordant_bad_outcome,middle,3,3,2,2,clinician,clinician,758
42,R10,discordant_bad_outcome,high,3,3,3,3,ai,clinician,149
42,R05,discordant_bad_outcome,high,1,3,2,3,clinician,ai,248
43,R03,discordant_bad_outcome,high,3,2,4,2,ai,clinician,400
43,R02,discordant_bad_outcome,high,3,4,2,3,clinician,clinician,145
44,R10,discordant_bad_outcome,middle,3,2,3,3,clinician,ai,989
44,R02,discordant_bad_outcome,middle,3,3,2,3,clinician,ai,215
45,R08,discordant_bad_outcome,middle,2,1,3,3,clinician,ai,169
45,R05,discordant_bad_outcome,middle,3,3,2,2,clinician,clinician,442
46,R10,discordant_bad_outcome,high,2,3,2,3,ai,ai,316
46,R03,discordant_bad_outcome,high,3,3,3,2,ai,clinician,238
47,R05,discordant_bad_outcome,middle,3,3,2,2,ai,clinician,72
47,R03,discordant_bad_outcome,middle,4,3,2,2,clinician,ai,660
48,R02,discordant_bad_outcome,low,3,2,3,2,ai,clinician,317
48,R01,discordant_bad_outcome,low,2,4,3,4,ai,ai,163
49,R04,discordant_bad_outcome,middle,4,3,3,4,clinician,ai,351
49,R06,discordant_bad_outcome,middle,4,4,4,4,clinician,ai,700
50,R01,discordant_bad_outcome,high,3,3,3,3,ai,ai,296
50,R08,discordant_bad_outcome,high,2,2,2,1,clinician,clinician,337
51,R01,discordant_bad_outcome,low,3,3,4,3,clinician,clinician,870
51,R07,discordant_bad_outcome,low,3,3,3,3,ai,ai,62
52,R02,discordant_bad_outcome,low,2,3,3,3,ai,clinician,397
52,R05,discordant_bad_outcome,low,2,3,3,2,clinician,clinician,111
53,R03,discordant_bad_outcome,middle,3,2,3,2,clinician,clinician,291
53,R01,discordant_bad_outcome,middle,3,3,4,3,clinician,clinician,445
54,R08,discordant_bad_outcome,middle,3,2,2,2,ai,ai,748
54,R06,discordant_bad_outcome,middle,4,3,3,1,ai,ai,404
55,R03,discordant_bad_outcome,low,2,3,3,3,ai,ai,182
55,R10,discordant_bad_outcome,low,4,4,3,3,clinician,clinician,254
56,R07,discordant_bad_outcome,low,3,4,4,4,clinician,ai,171
56,R09,discordant_bad_outcome,low,4,4,4,4,ai,clinician,350
57,R02,discordant_bad_outcome,middle,3,3,2,2,clinician,ai,373
57,R08,discordant_bad_outcome,middle,2,3,2,2,ai,clinician,170
58,R03,discordant_bad_outcome,high,1,2,1,2,ai,ai,351
58,R09,discordant_bad_outcome,high,3,3,2,2,clinician,clinician,1118
59,R06,discordant_bad_outcome,middle,3,4,4,3,ai,clinician,111
59,R04,discordant_bad_outcome,middle,4,3,3,3,clinician,ai,134
60,R04,discordant_bad_outcome,low,3,4,3,3,clinician,clinician,201
60,R09,discordant_bad_outcome,low,4,4,3,4,ai,ai,388
61,R10,discordant_bad_outcome,low,2,3,1,2,clinician,ai,69
61,R09,discordant_bad_outcome,low,3,2,3,2,clinician,clinician,362
62,R01,discordant_bad_outcome,low,4,3,3,3,clinician,clinician,208
62,R10,discordant_bad_outcome,low,2,3,3,3,ai,ai,573
63,R01,discordant_bad_outcome,middle,4,4,4,3,clinician,ai,29
63,R07,discordant_bad_outcome,middle,3,3,3,3,ai,ai,846
64,R02,discordant_bad_outcome,low,2,3,3,3,ai,ai,544
64,R07,discordant_bad_outcome,low,2,3,2,3,ai,clinician,233
65,R05,discordant_bad_outcome,low,1,3,2,3,clinician,ai,189
65,R09,discordant_bad_outcome,low,2,3,3,4,ai,clinician,140
66,R08,discordant_bad_outcome,low,3,3,3,2,ai,ai,68
66,R05,discordant_bad_outcome,low,3,2,2,1,ai,clinician,522
67,R05,discordant_bad_outcome,low,2,2,3,3,ai,ai,256
67,R04,discordant_bad_outcome,low,3,3,2,2,clinician,clinician,326
68,R01,discordant_bad_outcome,middle,2,3,3,4,ai,clinician,261
68,R04,discordant_bad_outcome,middle,3,3,3,3,clinician,ai,185
69,R05,discordant_bad_outcome,high,3,3,3,3,ai,clinician,278
69,R08,discordant_bad_outcome,high,2,4,3,3,clinician,clinician,298
70,R03,discordant_bad_outcome,middle,3,2,3,2,ai,clinician,407
70,R08,discordant_bad_outcome,middle,3,3,2,1,ai,clinician,185
71,R08,discordant_bad_outcome,high,2,3,3,3,ai,ai,153
71,R09,discordant_bad_outcome,high,2,2,3,3,ai,clinician,293
72,R06,discordant_bad_outcome,middle,3,3,3,3,clinician,clinician,295
72,R02,discordant_bad_outcome,middle,3,2,2,3,clinician,ai,384
73,R04,discordant_bad_outcome,high,2,2,2,2,ai,ai,395
73,R02,discordant_bad_outcome,high,2,3,1,2,clinician,ai,102
74,R08,discordant_bad_outcome,high,2,3,1,2,clinician,clinician,130
74,R10,discordant_bad_outcome,high,3,4,2,3,ai,ai,164
75,R02,discordant_bad_outcome,high,1,3,3,2,clinician,clinician,793
75,R10,discordant_bad_outcome,high,2,3,3,3,ai,clinician,414
76,R02,discordant_bad_outcome,middle,3,2,3,2,clinician,ai,378
76,R01,discordant_bad_outcome,middle,3,3,4,3,clinician,clinician,674
77,R06,discordant_bad_outcome,low,3,1,2,4,ai,ai,384
77,R07,discordant_bad_outcome,low,3,3,3,2,ai,ai,872
78,R03,discordant_bad_outcome,middle,2,2,3,2,ai,ai,399
78,R05,discordant_bad_outcome,middle,2,3,3,3,clinician,ai,99
79,R03,discordant_bad_outcome,middle,2,2,2,2,clinician,ai,559
79,R10,discordant_bad_outcome,middle,2,2,3,4,clinician,clinician,143
80,R08,discordant_bad_outcome,high,3,3,1,3,clinician,ai,172
80,R05,discordant_bad_outcome,high,3,2,2,3,ai,clinician,303
81,R01,discordant_bad_outcome,high,3,3,3,3,ai,ai,288
81,R06,discordant_bad_outcome,high,3,2,2,3,ai,ai,421
82,R10,discordant_bad_outcome,high,2,1,2,2,ai,clinician,109
82,R06,discordant_bad_outcome,high,2,3,1,3,clinician,ai,122
83,R07,discordant_bad_outcome,middle,3,2,1,2,ai,clinician,226
83,R03,discordant_bad_outcome,middle,2,1,2,1,ai,clinician,39
84,R04,discordant_bad_outcome,middle,3,1,2,3,ai,ai,180
84,R05,discordant_bad_outcome,middle,2,2,2,3,clinician,clinician,272
85,R03,discordant_bad_outcome,low,3,2,2,2,ai,ai,462
85,R08,discordant_bad_outcome,low,3,2,3,3,ai,clinician,311
86,R07,discordant_bad_outcome,high,2,3,2,4,ai,ai,197
86,R05,discordant_bad_outcome,high,2,2,2,2,ai,clinician,506
87,R05,discordant_bad_outcome,middle,3,4,3,3,ai,ai,168
87,R02,discordant_bad_outcome,middle,3,4,2,3,ai,ai,346
88,R04,discordant_bad_outcome,low,3,2,2,3,clinician,clinician,82
88,R06,discordant_bad_outcome,low,3,2,4,3,clinician,clinician,496
89,R09,discordant_bad_outcome,high,2,4,4,3,ai,clinician,82
89,R03,discordant_bad_outcome,high,1,2,2,2,ai,ai,557
90,R10,discordant_bad_outcome,high,3,2,3,2,clinician,clinician,866
90,R02,discordant_bad_outcome,high,3,3,2,2,ai,clinician,307
91,R04,discordant_bad_outcome,middle,4,4,4,4,ai,clinician,2251
91,R02,discordant_bad_outcome,middle,4,3,3,3,clinician,ai,227
92,R02,discordant_bad_outcome,high,4,1,3,2,ai,clinician,193
92,R04,discordant_bad_outcome,high,4,2,3,3,ai,clinician,484
93,R09,discordant_bad_outcome,middle,3,3,4,3,ai,ai,187
93,R03,discordant_bad_outcome,middle,4,3,3,4,ai,ai,199
94,R01,discordant_bad_outcome,high,3,2,3,3,clinician,clinician,296
94,R07,discordant_bad_outcome,high,3,2,2,2,ai,ai,911
95,R07,discordant_bad_outcome,middle,2,3,3,3,ai,clinician,356
95,R01,discordant_bad_outcome,middle,4,3,3,4,ai,ai,275
96,R07,discordant_bad_outcome,low,3,3,4,4,clinician,clinician,341
96,R09,discordant_bad_outcome,low,4,4,3,3,clinician,ai,459
97,R09,discordant_bad_outcome,high,3,4,3,3,ai,clinician,709
97,R05,discordant_bad_outcome,high,3,3,4,3,ai,clinician,525
98,R01,discordant_bad_outcome,middle,4,4,3,4,ai,ai,485
98,R10,discordant_bad_outcome,middle,3,3,3,3,ai,clinician,254
99,R10,discordant_bad_outcome,low,3,2,2,2,ai,ai,123
99,R04,discordant_bad_outcome,low,2,3,3,3,ai,ai,412
100,R01,discordant_bad_outcome,middle,3,3,4,4,ai,ai,160
100,R05,discordant_bad_outcome,middle,4,3,2,3,clinician,ai,161
101,R05,discordant_bad_outcome,middle,2,2,2,1,clinician,clinician,373
101,R08,discordant_bad_outcome,middle,3,1,2,3,ai,ai,135
102,R03,discordant_bad_outcome,low,3,4,3,4,clinician,clinician,255
102,R05,discordant_bad_outcome,low,4,4,4,3,ai,clinician,265
103,R09,discordant_bad_outcome,high,2,3,2,3,clinician,clinician,231
103,R05,discordant_bad_outcome,high,2,4,1,3,clinician,clinician,726
104,R08,discordant_bad_outcome,middle,2,2,3,3,ai,ai,374
104,R10,discordant_bad_outcome,middle,2,2,3,4,clinician,clinician,124
105,R04,discordant_bad_outcome,high,3,3,3,1,ai,clinician,320
105,R08,discordant_bad_outcome,high,2,2,3,2,ai,ai,270
106,R04,discordant_bad_outcome,middle,2,2,2,2,ai,clinician,408
106,R05,discordant_bad_outcome,middle,2,3,2,2,clinician,clinician,181
107,R10,discordant_bad_outcome,low,2,2,3,2,clinician,clinician,173
107,R05,discordant_bad_outcome,low,2,1,2,2,clinician,clinician,164
108,R09,discordant_bad_outcome,low,2,3,3,1,clinician,clinician,111
108,R04,discordant_bad_outcome,low,1,1,2,2,ai,ai,159
109,R04,discordant_bad_outcome,middle,3,3,4,3,ai,clinician,120
109,R10,discordant_bad_outcome,middle,3,3,3,4,clinician,ai,705
110,R03,discordant_bad_outcome,middle,3,3,4,3,clinician,clinician,82
110,R06,discordant_bad_outcome,middle,4,3,4,3,clinician,ai,496
111,R04,discordant_bad_outcome,high,3,3,2,3,clinician,clinician,158
111,R10,discordant_bad_outcome,high,3,4,2,3,ai,ai,118
112,R08,discordant_bad_outcome,high,2,3,2,2,ai,ai,647
112,R05,discordant_bad_outcome,high,1,2,2,3,clinician,ai,501
113,R01,discordant_bad_outcome,low,4,3,2,4,ai,clinician,202
113,R08,discordant_bad_outcome,low,3,3,4,4,ai,clinician,435
114,R05,discordant_bad_outcome,low,2,3,2,3,clinician,ai,128
114,R02,discordant_bad_outcome,low,3,2,2,3,ai,clinician,113
115,R08,discordant_bad_outcome,middle,2,2,1,2,clinician,ai,91
115,R07,discordant_bad_outcome,middle,2,3,2,2,clinician,ai,255
116,R08,discordant_bad_outcome,high,2,2,3,2,ai,clinician,124
116,R09,discordant_bad_outcome,high,3,3,3,2,clinician,ai,90
117,R02,discordant_bad_outcome,middle,2,3,3,4,clinician,clinician,288
117,R01,discordant_bad_outcome,middle,4,4,3,4,ai,ai,295
118,R09,discordant_bad_outcome,middle,3,3,2,4,clinician,ai,144
118,R01,discordant_bad_outcome,middle,3,2,2,4,clinician,clinician,116
119,R01,discordant_bad_outcome,low,2,3,1,3,clinician,clinician,566
119,R10,discordant_bad_outcome,low,3,2,2,3,ai,clinician,178
120,R02,discordant_bad_outcome,middle,2,3,3,2,clinician,ai,62
120,R07,discordant_bad_outcome,middle,3,4,4,3,ai,ai,492
121,R02,discordant_bad_outcome,high,2,1,3,2,clinician,clinician,172
121,R06,discordant_bad_outcome,high,2,2,2,3,clinician,ai,486
122,R09,discordant_bad_outcome,middle,2,3,4,3,clinician,ai,379
122,R01,discordant_bad_outcome,middle,4,3,4,3,clinician,clinician,155
123,R01,discordant_bad_outcome,middle,3,4,3,4,ai,ai,388
123,R04,discordant_bad_outcome,middle,3,3,2,3,clinician,ai,404
124,R03,discordant_bad_outcome,low,2,2,2,2,clinician,clinician,289
124,R08,discordant_bad_outcome,low,2,3,2,2,ai,clinician,241
125,R05,discordant_bad_outcome,low,2,3,3,4,clinician,ai,453
125,R03,discordant_bad_outcome,low,3,3,3,3,clinician,ai,107
126,R05,discordant_bad_outcome,high,4,4,4,3,clinician,ai,323
126,R01,discordant_bad_outcome,high,4,3,4,3,clinician,clinician,128
127,R10,discordant_bad_outcome,low,3,3,3,3,clinician,ai,296
127,R01,discordant_bad_outcome,low,2,4,3,3,clinician,ai,71
128,R08,discordant_bad_outcome,middle,2,3,2,3,ai,ai,64
128,R09,discordant_bad_outcome,middle,2,4,3,3,clinician,ai,142
129,R08,discordant_bad_outcome,low,2,2,2,3,clinician,clinician,729
129,R06,discordant_bad_outcome,low,2,2,3,3,ai,clinician,205
130,R06,discordant_bad_outcome,low,2,3,3,3,ai,clinician,172
130,R09,discordant_bad_outcome,low,2,3,3,4,clinician,ai,678
131,R03,discordant_bad_outcome,low,2,3,2,3,clinician,ai,82
131,R06,discordant_bad_outcome,low,3,3,4,3,ai,clinician,275
132,R07,discordant_bad_outcome,low,3,2,3,2,ai,clinician,159
132,R01,discordant_bad_outcome,low,3,2,3,3,clinician,ai,206
133,R08,discordant_bad_outcome,middle,2,4,3,3,ai,clinician,93
133,R07,discordant_bad_outcome,middle,3,3,3,4,clinician,ai,279
134,R10,discordant_bad_outcome,middle,2,2,1,2,ai,ai,393
134,R08,discordant_bad_outcome,middle,2,2,2,2,clinician,ai,177
135,R08,discordant_bad_outcome,high,2,2,2,2,clinician,ai,45
135,R09,discordant_bad_outcome,high,3,2,2,2,clinician,clinician,523
136,R07,discordant_bad_outcome,low,4,4,2,3,ai,ai,329
136,R08,discordant_bad_outcome,low,2,1,2,3,ai,ai,310
137,R10,discordant_bad_outcome,middle,3,3,4,2,ai,clinician,1073
137,R04,discordant_bad_outcome,middle,4,3,2,3,ai,ai,767
138,R02,discordant_bad_outcome,middle,4,4,3,4,clinician,ai,216
138,R01,discordant_bad_outcome,middle,4,4,4,4,ai,ai,486
139,R05,discordant_bad_outcome,low,2,3,2,3,clinician,ai,107
139,R01,discordant_bad_outcome,low,3,3,3,4,ai,ai,540
140,R03,discordant_bad_outcome,middle,1,2,2,2,ai,clinician,622
140,R10,discordant_bad_outcome,middle,2,2,2,2,clinician,clinician,222
141,R10,discordant_bad_outcome,middle,3,3,2,3,ai,ai,318
141,R02,discordant_bad_outcome,middle,3,3,2,4,ai,clinician,208
142,R03,discordant_bad_outcome,high,4,4,3,4,ai,ai,276
142,R09,discordant_bad_outcome,high,3,3,3,4,ai,ai,356
143,R07,discordant_bad_outcome,low,3,3,3,3,ai,clinician,252
143,R03,discordant_bad_outcome,low,3,4,3,3,clinician,clinician,272
144,R05,discordant_bad_outcome,middle,3,2,2,2,clinician,clinician,93
144,R06,discordant_bad_outcome,middle,2,3,3,2,ai,ai,142
145,R07,discordant_bad_outcome,low,2,2,2,2,ai,clinician,327
145,R01,discordant_bad_outcome,low,3,4,3,3,ai,clinician,259
146,R02,discordant_bad_outcome,high,2,3,3,2,ai,ai,96
146,R09,discordant_bad_outcome,high,3,4,3,2,ai,clinician,1319
147,R09,discordant_bad_outcome,high,4,3,3,2,clinician,clinician,505
147,R04,discordant_bad_outcome,high,3,2,2,3,clinician,ai,578
148,R02,discordant_bad_outcome,low,4,1,2,1,clinician,clinician,118
148,R08,discordant_bad_outcome,low,2,2,3,1,clinician,clinician,448
149,R05,discordant_bad_outcome,low,2,2,2,2,ai,ai,750
149,R03,discordant_bad_outcome,low,3,2,2,2,clinician,ai,239
150,R10,discordant_bad_outcome,high,3,2,3,2,ai,ai,98
150,R08,discordant_bad_outcome,high,2,2,3,2,ai,ai,142
151,R10,discordant_bad_outcome,low,3,3,3,3,clinician,clinician,160
151,R02,discordant_bad_outcome,low,3,2,2,2,ai,ai,405
152,R05,discordant_bad_outcome,middle,3,2,3,3,clinician,clinician,114
152,R10,discordant_bad_outcome,middle,2,3,2,3,ai,ai,348
153,R06,discordant_bad_outcome,high,4,2,3,3,clinician,ai,145
153,R04,discordant_bad_outcome,high,3,3,3,3,ai,ai,143
154,R07,discordant_bad_outcome,middle,2,2,3,3,clinician,ai,283
154,R02,discordant_bad_outcome,middle,3,2,3,3,ai,clinician,1037
155,R10,discordant_bad_outcome,low,3,2,2,2,clinician,clinician,3600
155,R03,discordant_bad_outcome,low,2,2,2,3,clinician,ai,324
156,R08,discordant_bad_outcome,high,2,3,2,3,clinician,ai,429
156,R05,discordant_bad_outcome,high,2,3,3,4,clinician,ai,435
157,R02,discordant_bad_outcome,low,2,3,3,2,ai,ai,731
157,R04,discordant_bad_outcome,low,3,3,3,3,clinician,clinician,665
158,R04,discordant_bad_outcome,low,3,3,2,2,ai,ai,450
158,R09,discordant_bad_outcome,low,3,3,3,3,ai,clinician,340
159,R01,discordant_bad_outcome,middle,4,4,3,4,ai,clinician,177
159,R08,discordant_bad_outcome,middle,3,3,3,3,clinician,ai,135
160,R02,discordant_bad_outcome,low,3,3,3,3,ai,clinician,340
160,R03,discordant_bad_outcome,low,2,2,2,3,ai,ai,161
161,R03,discordant_bad_outcome,low,1,3,2,3,ai,ai,353
161,R10,discordant_bad_outcome,low,3,4,3,4,clinician,clinician,245
162,R09,discordant_bad_outcome,high,2,4,4,2,ai,clinician,130
162,R01,discordant_bad_outcome,high,2,2,2,3,clinician,clinician,475
163,R05,discordant_bad_outcome,high,2,2,2,3,ai,ai,576
163,R04,discordant_bad_outcome,high,3,2,3,3,ai,clinician,165
164,R08,discordant_bad_outcome,high,2,4,3,2,clinician,clinician,986
164,R05,discordant_bad_outcome,high,4,3,4,2,ai,clinician,182
165,R06,discordant_bad_outcome,middle,2,2,4,2,ai,clinician,226
165,R05,discordant_bad_outcome,middle,2,3,2,2,ai,clinician,221
166,R01,discordant_bad_outcome,middle,4,4,4,3,clinician,clinician,395
166,R02,discordant_bad_outcome,middle,3,4,3,4,ai,ai,210
167,R05,discordant_bad_outcome,middle,2,2,3,3,clinician,ai,585
167,R07,discordant_bad_outcome,middle,2,3,2,3,clinician,ai,246
168,R08,discordant_bad_outcome,high,1,2,2,1,clinician,ai,128
168,R10,discordant_bad_outcome,high,2,2,1,3,clinician,ai,277
169,R04,discordant_bad_outcome,low,2,2,2,2,ai,clinician,102
169,R07,discordant_bad_outcome,low,2,2,4,3,ai,clinician,141
170,R08,discordant_bad_outcome,middle,1,3,2,2,clinician,clinician,200
170,R07,discordant_bad_outcome,middle,3,3,2,2,ai,clinician,102
171,R02,discordant_bad_outcome,high,2,2,3,2,ai,ai,282
171,R05,discordant_bad_outcome,high,2,2,3,3,clinician,ai,262
172,R03,discordant_bad_outcome,middle,2,3,3,2,clinician,clinician,266
172,R10,discordant_bad_outcome,middle,3,2,3,3,clinician,ai,160
173,R08,discordant_bad_outcome,middle,3,3,1,2,ai,clinician,486
173,R04,discordant_bad_outcome,middle,2,2,2,3,ai,clinician,176
174,R04,discordant_bad_outcome,middle,3,4,2,2,ai,ai,457
174,R09,discordant_bad_outcome,middle,3,2,3,2,ai,clinician,135
175,R08,discordant_bad_outcome,middle,2,2,1,3,clinician,clinician,812
175,R04,discordant_bad_outcome,middle,3,3,2,2,ai,clinician,267
176,R10,discordant_bad_outcome,high,3,3,3,2,ai,clinician,197
176,R08,discordant_bad_outcome,high,3,3,2,3,ai,clinician,76
177,R03,discordant_bad_outcome,middle,2,2,2,2,clinician,clinician,373
177,R07,discordant_bad_outcome,middle,3,2,3,2,ai,ai,311
178,R07,discordant_bad_outcome,middle,3,3,2,3,ai,ai,275
178,R03,discordant_bad_outcome,middle,3,3,1,2,ai,clinician,302
179,R08,discordant_bad_outcome,low,3,3,3,2,ai,clinician,1101
179,R04,discordant_bad_outcome,low,3,2,3,2,ai,clinician,205
180,R04,discordant_bad_outcome,middle,2,1,2,1,clinician,ai,472
180,R10,discordant_bad_outcome,middle,2,2,2,2,clinician,clinician,264
181,R08,discordant_bad_outcome,middle,2,3,2,2,clinician,ai,403
181,R02,discordant_bad_outcome,middle,3,3,2,2,ai,clinician,518
182,R02,discordant_bad_outcome,low,2,3,2,3,ai,ai,365
182,R03,discordant_bad_outcome,low,2,2,2,2,ai,clinician,172
183,R04,discordant_bad_outcome,low,3,2,3,3,ai,ai,198
183,R07,discordant_bad_outcome,low,2,3,2,3,ai,ai,247
184,R07,discordant_bad_outcome,middle,3,3,2,2,clinician,clinician,197
184,R04,discordant_bad_outcome,middle,2,3,2,3,ai,ai,914
185,R09,discordant_bad_outcome,middle,2,2,4,2,ai,clinician,88
185,R02,discordant_bad_outcome,middle,4,2,3,3,ai,ai,286
186,R07,discordant_bad_outcome,high,3,3,4,3,clinician,clinician,169
186,R01,discordant_bad_outcome,high,3,3,4,2,ai,clinician,145
187,R05,discordant_bad_outcome,middle,2,1,2,1,clinician,clinician,330
187,R02,discordant_bad_outcome,middle,2,1,2,2,clinician,clinician,128
188,R09,discordant_bad_outcome,low,3,3,2,2,clinician,ai,219
188,R02,discordant_bad_outcome,low,2,1,2,2,clinician,clinician,605
189,R09,discordant_bad_outcome,high,3,4,3,3,ai,clinician,50
189,R08,discordant_bad_outcome,high,2,3,3,4,ai,clinician,887
190,R01,discordant_bad_outcome,low,3,4,3,3,ai,clinician,355
190,R10,discordant_bad_outcome,low,2,3,3,3,ai,ai,663
191,R01,discordant_bad_outcome,low,3,4,3,3,clinician,clinician,215
191,R09,discordant_bad_outcome,low,3,3,3,3,ai,clinician,49
192,R04,discordant_bad_outcome,high,3,3,3,3,ai,clinician,156
192,R05,discordant_bad_outcome,high,1,2,2,3,clinician,ai,407
193,R09,discordant_bad_outcome,middle,2,2,2,2,clinician,clinician,290
193,R10,discordant_bad_outcome,middle,2,2,2,2,ai,ai,300
194,R04,discordant_bad_outcome,low,3,2,1,3,clinician,clinician,473
194,R02,discordant_bad_outcome,low,1,1,2,2,clinician,clinician,203
195,R08,discordant_bad_outcome,middle,2,2,3,2,ai,ai,853
195,R01,discordant_bad_outcome,middle,3,3,3,4,ai,ai,71
196,R01,discordant_bad_outcome,low,3,4,4,4,clinician,clinician,104
196,R04,discordant_bad_outcome,low,3,3,3,3,ai,clinician,285
197,R06,discordant_bad_outcome,middle,2,2,2,2,clinician,clinician,328
197,R05,discordant_bad_outcome,middle,2,2,2,2,clinician,ai,85
198,R09,discordant_bad_outcome,high,2,2,3,2,ai,clinician,385
198,R01,discordant_bad_outcome,high,3,3,3,3,clinician,clinician,180
199,R09,discordant_bad_outcome,low,3,3,2,3,clinician,clinician,171
199,R04,discordant_bad_outcome,low,2,2,2,1,clinician,ai,283
200,R07,discordant_bad_outcome,middle,3,2,2,2,ai,clinician,182
200,R09,discordant_bad_outcome,middle,2,2,3,2,clinician,ai,94
201,R05,discordant_bad_outcome,low,2,3,2,3,ai,ai,198
201,R06,discordant_bad_outcome,low,3,2,4,3,clinician,ai,300
202,R04,discordant_bad_outcome,middle,2,2,2,1,clinician,ai,316
202,R02,discordant_bad_outcome,middle,2,2,3,2,ai,ai,587
203,R07,discordant_bad_outcome,low,2,3,2,2,ai,clinician,205
203,R09,discordant_bad_outcome,low,2,2,3,3,clinician,ai,369
204,R05,discordant_bad_outcome,high,3,3,2,3,ai,ai,730
204,R06,discordant_bad_outcome,high,2,3,3,3,clinician,clinician,435
205,R05,discordant_bad_outcome,middle,2,3,2,3,clinician,clinician,243
205,R09,discordant_bad_outcome,middle,2,4,4,4,clinician,ai,359
206,R06,discordant_bad_outcome,low,3,2,4,4,ai,clinician,902
206,R01,discordant_bad_outcome,low,2,4,2,4,clinician,ai,149
207,R01,discordant_bad_outcome,middle,3,3,2,3,clinician,clinician,161
207,R03,discordant_bad_outcome,middle,1,2,2,2,clinician,clinician,407
208,R05,discordant_bad_outcome,middle,2,3,3,3,clinician,ai,203
208,R07,discordant_bad_outcome,middle,3,3,2,3,clinician,ai,170
209,R08,discordant_bad_outcome,low,2,3,2,3,ai,ai,153
209,R01,discordant_bad_outcome,low,4,3,3,3,ai,ai,136
210,R09,discordant_bad_outcome,high,3,3,3,3,clinician,clinician,432
210,R05,discordant_bad_outcome,high,3,3,1,3,clinician,clinician,145
211,R08,discordant_bad_outcome,middle,2,4,4,3,clinician,ai,209
211,R03,discordant_bad_outcome,middle,2,4,4,3,clinician,ai,95
212,R02,discordant_bad_outcome,high,2,3,3,2,clinician,clinician,137
212,R10,discordant_bad_outcome,high,4,4,3,3,clinician,clinician,184
213,R02,discordant_bad_outcome,high,3,3,3,3,clinician,ai,506
213,R03,discordant_bad_outcome,high,2,3,3,3,clinician,ai,405
214,R08,discordant_bad_outcome,high,2,2,3,2,ai,clinician,432
214,R05,discordant_bad_outcome,high,2,3,2,4,clinician,ai,453
215,R02,discordant_bad_outcome,middle,2,3,4,3,clinician,clinician,307
215,R09,discordant_bad_outcome,middle,3,4,3,3,clinician,ai,345
216,R10,discordant_bad_outcome,middle,3,4,3,3,clinician,clinician,194
216,R03,discordant_bad_outcome,middle,3,4,4,3,clinician,ai,115
217,R06,discordant_bad_outcome,middle,2,2,3,2,ai,clinician,216
217,R05,discordant_bad_outcome,middle,3,2,2,1,ai,clinician,154
218,R10,discordant_bad_outcome,middle,3,3,3,4,clinician,clinician,512
218,R09,discordant_bad_outcome,middle,4,3,3,3,ai,ai,156
219,R09,discordant_bad_outcome,middle,1,2,3,3,clinician,clinician,1041
219,R07,discordant_bad_outcome,middle,3,2,1,3,ai,ai,311
220,R09,discordant_bad_outcome,middle,4,3,4,4,clinician,ai,122
220,R04,discordant_bad_outcome,middle,4,4,4,3,ai,clinician,165
221,R09,discordant_bad_outcome,low,2,2,2,3,clinician,clinician,170
221,R02,discordant_bad_outcome,low,2,2,3,2,clinician,ai,121
222,R04,discordant_bad_outcome,high,4,3,3,2,ai,clinician,498
222,R05,discordant_bad_outcome,high,3,2,2,4,clinician,ai,113
223,R06,discordant_bad_outcome,high,3,3,2,3,clinician,ai,46
223,R04,discordant_bad_outcome,high,2,3,2,3,clinician,ai,390
224,R10,discordant_bad_outcome,high,3,2,3,2,ai,clinician,362
224,R08,discordant_bad_outcome,high,2,1,1,1,clinician,ai,526
225,R06,discordant_bad_outcome,middle,3,3,2,3,clinician,ai,391
225,R01,discordant_bad_outcome,middle,2,3,2,4,ai,ai,248
226,R09,discordant_bad_outcome,middle,3,2,2,2,clinician,ai,427
226,R04,discordant_bad_outcome,middle,2,3,2,2,ai,clinician,224
227,R02,discordant_bad_outcome,middle,3,1,3,2,ai,ai,268
227,R03,discordant_bad_outcome,middle,3,1,2,2,ai,ai,160
228,R05,discordant_bad_outcome,middle,2,3,3,2,ai,ai,251
228,R01,discordant_bad_outcome,middle,3,3,2,3,clinician,clinician,359
229,R08,discordant_bad_outcome,high,3,4,3,3,ai,clinician,272
229,R06,discordant_bad_outcome,high,4,4,4,4,ai,clinician,483
230,R05,discordant_bad_outcome,high,1,2,3,3,clinician,ai,185
230,R03,discordant_bad_outcome,high,3,3,2,1,clinician,ai,1093
231,R06,discordant_bad_outcome,low,4,3,3,2,ai,ai,160
231,R07,discordant_bad_outcome,low,3,3,3,3,clinician,ai,223
232,R09,discordant_bad_outcome,middle,2,3,1,3,ai,ai,201
232,R06,discordant_bad_outcome,middle,3,3,3,3,ai,clinician,448
233,R10,discordant_bad_outcome,middle,2,4,3,3,ai,ai,316
233,R09,discordant_bad_outcome,middle,3,3,2,3,ai,clinician,155
234,R06,discordant_bad_outcome,low,4,3,3,4,clinician,ai,970
234,R01,discordant_bad_outcome,low,4,3,1,2,ai,clinician,123
235,R08,discordant_bad_outcome,middle,3,2,2,3,clinician,ai,408
235,R02,discordant_bad_outcome,middle,3,2,3,2,clinician,ai,256
236,R10,discordant_bad_outcome,high,4,2,2,4,ai,ai,1047
236,R03,discordant_bad_outcome,high,3,2,3,2,ai,clinician,240
237,R07,discordant_bad_outcome,middle,2,3,3,1,ai,clinician,538
237,R10,discordant_bad_outcome,middle,2,2,3,2,ai,clinician,564
238,R06,discordant_bad_outcome,middle,2,3,1,3,clinician,ai,183
238,R09,discordant_bad_outcome,middle,2,2,2,2,clinician,clinician,221
239,R02,discordant_bad_outcome,middle,3,3,3,3,ai,ai,359
239,R01,discordant_bad_outcome,middle,3,4,4,3,ai,ai,196
240,R07,discordant_bad_outcome,middle,2,2,2,2,clinician,ai,268
240,R10,discordant_bad_outcome,middle,3,3,3,3,ai,ai,314
241,R04,high_concordance_no_bad_outcome,low,3,3,3,3,clinician,clinician,448
241,R02,high_concordance_no_bad_outcome,low,3,3,2,1,ai,clinician,533
242,R01,high_concordance_no_bad_outcome,middle,3,4,3,4,ai,ai,111
242,R09,high_concordance_no_bad_outcome,middle,4,3,2,4,clinician,clinician,245
243,R06,high_concordance_no_bad_outcome,high,3,3,3,3,clinician,clinician,95
243,R01,high_concordance_no_bad_outcome,high,4,3,3,3,clinician,ai,286
244,R05,high_concordance_no_bad_outcome,high,2,3,2,2,clinician,ai,85
244,R07,high_concordance_no_bad_outcome,high,3,2,3,3,ai,ai,218
245,R03,high_concordance_no_bad_outcome,middle,3,4,4,3,clinician,clinician,213
245,R09,high_concordance_no_bad_outcome,middle,2,3,4,3,clinician,ai,100
246,R06,high_concordance_no_bad_outcome,low,2,2,2,2,ai,clinician,239
246,R05,high_concordance_no_bad_outcome,low,2,2,2,2,ai,clinician,118
247,R10,high_concordance_no_bad_outcome,low,3,4,3,3,ai,clinician,578
247,R07,high_concordance_no_bad_outcome,low,3,4,3,4,clinician,ai,397
248,R02,high_concordance_no_bad_outcome,high,2,1,2,3,ai,clinician,321
248,R10,high_concordance_no_bad_outcome,high,3,3,3,4,ai,ai,275
249,R02,high_concordance_no_bad_outcome,low,3,2,4,3,clinician,clinician,469
249,R03,high_concordance_no_bad_outcome,low,3,2,4,3,clinician,clinician,216
250,R10,high_concordance_no_bad_outcome,low,4,3,2,3,clinician,ai,101
250,R01,high_concordance_no_bad_outcome,low,3,2,3,3,clinician,clinician,836
251,R06,high_concordance_no_bad_outcome,middle,2,4,3,3,ai,clinician,338
251,R10,high_concordance_no_bad_outcome,middle,2,3,3,3,clinician,ai,296
252,R07,high_concordance_no_bad_outcome,low,4,3,3,3,clinician,ai,540
252,R01,high_concordance_no_bad_outcome,low,4,4,4,3,ai,clinician,540
253,R05,high_concordance_no_bad_outcome,middle,2,3,3,2,clinician,clinician,908
253,R07,high_concordance_no_bad_outcome,middle,2,3,3,3,ai,ai,112
254,R06,high_concordance_no_bad_outcome,middle,3,3,3,3,ai,clinician,227
254,R05,high_concordance_no_bad_outcome,middle,4,3,4,4,ai,clinician,254
255,R03,high_concordance_no_bad_outcome,low,4,3,3,3,ai,clinician,208
255,R06,high_concordance_no_bad_outcome,low,4,4,4,4,clinician,ai,96
256,R05,high_concordance_no_bad_outcome,low,3,3,2,2,clinician,clinician,833
256,R08,high_concordance_no_bad_outcome,low,1,2,4,1,ai,clinician,190
257,R10,high_concordance_no_bad_outcome,high,3,2,2,3,clinician,ai,291
257,R08,high_concordance_no_bad_outcome,high,2,2,2,1,clinician,clinician,106
258,R03,high_concordance_no_bad_outcome,middle,2,2,3,2,clinician,clinician,319
258,R07,high_concordance_no_bad_outcome,middle,2,2,3,4,ai,ai,1515
259,R10,high_concordance_no_bad_outcome,low,3,3,3,3,clinician,clinician,797
259,R04,high_concordance_no_bad_outcome,low,3,2,3,3,ai,clinician,125
260,R06,high_concordance_no_bad_outcome,low,4,3,4,4,clinician,clinician,838
260,R10,high_concordance_no_bad_outcome,low,3,4,4,3,clinician,clinician,589
261,R07,high_concordance_no_bad_outcome,middle,3,4,3,4,clinician,clinician,94
261,R01,high_concordance_no_bad_outcome,middle,4,4,3,3,clinician,ai,336
262,R05,high_concordance_no_bad_outcome,high,3,3,2,3,ai,ai,293
262,R04,high_concordance_no_bad_outcome,high,3,3,3,2,ai,clinician,198
263,R05,high_concordance_no_bad_outcome,low,2,2,3,2,clinician,clinician,874
263,R06,high_concordance_no_bad_outcome,low,3,3,3,2,clinician,ai,58
264,R01,high_concordance_no_bad_outcome,middle,4,3,4,3,ai,clinician,49
264,R02,high_concordance_no_bad_outcome,middle,2,3,4,3,clinician,clinician,431
265,R10,high_concordance_no_bad_outcome,low,2,3,4,3,clinician,clinician,709
265,R04,high_concordance_no_bad_outcome,low,3,2,3,3,clinician,clinician,418
266,R06,high_concordance_no_bad_outcome,middle,3,2,4,3,clinician,clinician,757
266,R01,high_concordance_no_bad_outcome,middle,3,4,4,4,ai,clinician,75
267,R08,high_concordance_no_bad_outcome,middle,3,2,3,3,ai,clinician,212
267,R04,high_concordance_no_bad_outcome,middle,3,3,3,4,ai,ai,85
268,R04,high_concordance_no_bad_outcome,low,3,2,2,4,ai,clinician,172
268,R07,high_concordance_no_bad_outcome,low,3,3,4,2,clinician,clinician,670
269,R08,high_concordance_no_bad_outcome,middle,4,2,2,2,ai,ai,325
269,R06,high_concordance_no_bad_outcome,middle,3,2,3,3,ai,clinician,268
270,R05,high_concordance_no_bad_outcome,high,3,2,3,2,clinician,clinician,168
270,R07,high_concordance_no_bad_outcome,high,4,3,4,3,clinician,ai,402
271,R07,high_concordance_no_bad_outcome,middle,3,2,3,3,clinician,ai,439
271,R02,high_concordance_no_bad_outcome,middle,4,2,2,2,clinician,clinician,560
272,R10,high_concordance_no_bad_outcome,high,3,4,4,3,clinician,clinician,189
272,R05,high_concordance_no_bad_outcome,high,2,2,2,3,ai,clinician,231
273,R08,high_concordance_no_bad_outcome,low,2,2,2,2,ai,clinician,197
273,R07,high_concordance_no_bad_outcome,low,2,3,3,3,clinician,ai,668
274,R01,high_concordance_no_bad_outcome,low,2,3,3,2,ai,clinician,526
274,R02,high_concordance_no_bad_outcome,low,2,2,1,2,ai,ai,519
275,R02,high_concordance_no_bad_outcome,high,2,2,3,3,ai,clinician,126
275,R06,high_concordance_no_bad_outcome,high,3,3,3,3,clinician,clinician,157
276,R09,high_concordance_no_bad_outcome,middle,3,3,3,3,ai,clinician,395
276,R03,high_concordance_no_bad_outcome,middle,3,3,3,4,clinician,ai,143
277,R10,high_concordance_no_bad_outcome,middle,4,3,2,3,clinician,clinician,121
277,R07,high_concordance_no_bad_outcome,middle,3,2,4,3,clinician,ai,760
278,R01,high_concordance_no_bad_outcome,middle,3,4,3,4,clinician,ai,184
278,R04,high_concordance_no_bad_outcome,middle,3,3,3,3,ai,clinician,91
279,R01,high_concordance_no_bad_outcome,middle,3,2,2,2,clinician,clinician,312
279,R02,high_concordance_no_bad_outcome,middle,2,1,2,1,ai,clinician,569
280,R04,high_concordance_no_bad_outcome,middle,3,3,2,2,clinician,clinician,102
280,R06,high_concordance_no_bad_outcome,middle,3,2,3,3,ai,ai,271
281,R04,high_concordance_no_bad_outcome,middle,2,1,3,2,clinician,clinician,227
281,R01,high_concordance_no_bad_outcome,middle,2,3,2,1,clinician,clinician,330
282,R09,high_concordance_no_bad_outcome,high,2,2,2,2,ai,clinician,267
282,R01,high_concordance_no_bad_outcome,high,3,2,3,2,clinician,ai,237
283,R04,high_concordance_no_bad_outcome,high,3,3,3,3,ai,ai,137
283,R08,high_concordance_no_bad_outcome,high,3,2,3,2,clinician,clinician,131
284,R06,high_concordance_no_bad_outcome,middle,3,2,3,3,ai,clinician,117
284,R04,high_concordance_no_bad_outcome,middle,3,3,2,2,clinician,ai,191
285,R06,high_concordance_no_bad_outcome,middle,3,2,2,2,clinician,clinician,1265
285,R05,high_concordance_no_bad_outcome,middle,2,2,3,3,clinician,clinician,219
286,R10,high_concordance_no_bad_outcome,high,3,4,3,4,ai,clinician,167
286,R05,high_concordance_no_bad_outcome,high,4,3,2,4,ai,ai,57
287,R09,high_concordance_no_bad_outcome,middle,4,3,3,3,clinician,ai,540
287,R08,high_concordance_no_bad_outcome,middle,4,3,3,2,clinician,ai,259
288,R03,high_concordance_no_bad_outcome,high,3,3,2,3,clinician,ai,174
288,R08,high_concordance_no_bad_outcome,high,2,3,2,3,ai,ai,364
289,R06,high_concordance_no_bad_outcome,low,4,4,4,4,ai,clinician,249
289,R03,high_concordance_no_bad_outcome,low,2,4,3,3,ai,clinician,403
290,R01,high_concordance_no_bad_outcome,middle,3,2,3,2,ai,clinician,505
290,R06,high_concordance_no_bad_outcome,middle,4,4,2,3,clinician,clinician,153
291,R03,high_concordance_no_bad_outcome,middle,3,3,3,2,ai,clinician,143
291,R08,high_concordance_no_bad_outcome,middle,2,2,2,4,clinician,ai,538
292,R03,high_concordance_no_bad_outcome,middle,2,3,3,3,clinician,clinician,106
292,R10,high_concordance_no_bad_outcome,middle,3,3,3,2,ai,clinician,367
293,R03,high_concordance_no_bad_outcome,high,1,1,2,1,ai,clinician,345
293,R10,high_concordance_no_bad_outcome,high,2,1,2,2,ai,ai,586
294,R07,high_concordance_no_bad_outcome,high,3,2,3,2,ai,clinician,142
294,R04,high_concordance_no_bad_outcome,high,2,2,1,2,clinician,clinician,109
295,R08,high_concordance_no_bad_outcome,middle,2,3,2,1,ai,ai,230
295,R02,high_concordance_no_bad_outcome,middle,2,3,3,3,ai,ai,173
296,R07,high_concordance_no_bad_outcome,low,3,3,3,3,clinician,ai,439
296,R05,high_concordance_no_bad_outcome,low,2,3,2,3,ai,ai,450
297,R06,high_concordance_no_bad_outcome,low,2,3,2,3,ai,clinician,254
297,R02,high_concordance_no_bad_outcome,low,2,3,1,3,ai,ai,165
298,R03,high_concordance_no_bad_outcome,low,3,2,3,1,clinician,clinician,313
298,R05,high_concordance_no_bad_outcome,low,3,2,1,3,ai,ai,123
299,R04,high_concordance_no_bad_outcome,low,3,2,3,2,clinician,ai,213
299,R02,high_concordance_no_bad_outcome,low,2,3,2,2,clinician,ai,431
300,R02,high_concordance_no_bad_outcome,high,4,2,3,2,ai,clinician,128
300,R01,high_concordance_no_bad_outcome,high,3,3,4,4,clinician,clinician,200
