analysis,endpoint,stratum,model,num_patients,n_ratings,n_reviewers,mean_difference,se,ci95,ci97.5,ni_margin,non_inferiority,superiority,vc_case,vc_reviewer,residual_var,singular_dropped,converged
leave out R01,treatment,discordant_bad_outcome,crossed REML,240,433,9,0.0417,0.0441,-0.045 to 0.128,-0.057 to 0.141,-0.5,True,False,0.0574,0.0,0.7327,reviewer,True
leave out R02,treatment,discordant_bad_outcome,crossed REML,240,431,9,0.0745,0.0498,-0.023 to 0.172,-0.037 to 0.186,-0.5,True,False,0.0848,0.0038,0.7272,none,True
leave out R03,treatment,discordant_bad_outcome,crossed REML,240,434,9,0.0843,0.0457,-0.005 to 0.174,-0.018 to 0.187,-0.5,True,False,0.0919,0.0,0.7345,reviewer,True
leave out R04,treatment,discordant_bad_outcome,crossed REML,240,432,9,0.0642,0.0505,-0.035 to 0.163,-0.049 to 0.177,-0.5,True,False,0.0943,0.0038,0.7384,none,True
leave out R05,treatment,discordant_bad_outcome,crossed REML,240,426,9,0.0538,0.0485,-0.041 to 0.149,-0.055 to 0.163,-0.5,True,False,0.093,0.0026,0.7044,none,True
leave out R06,treatment,discordant_bad_outcome,crossed REML,240,447,9,0.0699,0.0497,-0.028 to 0.167,-0.042 to 0.181,-0.5,True,False,0.1072,0.0044,0.6786,none,True
leave out R07,treatment,discordant_bad_outcome,crossed REML,240,438,9,0.0688,0.0484,-0.026 to 0.164,-0.040 to 0.177,-0.5,True,False,0.073,0.0031,0.7316,none,True
leave out R08,treatment,discordant_bad_outcome,crossed REML,240,421,9,0.0666,0.0505,-0.032 to 0.166,-0.047 to 0.180,-0.5,True,False,0.0711,0.0041,0.747,none,True
leave out R09,treatment,discordant_bad_outcome,crossed REML,240,432,9,0.0897,0.0447,0.002 to 0.177,-0.010 to 0.190,-0.5,True,False,0.0771,0.0,0.7181,reviewer,True
leave out R10,treatment,discordant_bad_outcome,crossed REML,240,426,9,0.0487,0.0466,-0.043 to 0.140,-0.056 to 0.153,-0.5,True,False,0.1061,0.0004,0.7125,none,True
exclude ratings under 120s,treatment,discordant_bad_outcome,crossed REML,240,428,10,0.0829,0.0442,-0.004 to 0.170,-0.016 to 0.182,-0.5,True,False,0.0442,0.0,0.7545,reviewer,True
leave out R01,treatment,high_concordance_no_bad_outcome,crossed REML,60,106,9,-0.0472,0.0903,-0.224 to 0.130,-0.250 to 0.155,-0.5,True,False,0.0,0.0,0.8644,"case,reviewer",True
leave out R02,treatment,high_concordance_no_bad_outcome,crossed REML,60,108,9,-0.0741,0.087,-0.245 to 0.096,-0.269 to 0.121,-0.5,True,False,0.0,0.0,0.8169,"case,reviewer",True
leave out R03,treatment,high_concordance_no_bad_outcome,crossed REML,60,109,9,-0.0365,0.0866,-0.206 to 0.133,-0.231 to 0.158,-0.5,True,False,0.0041,0.0,0.8094,reviewer,True
leave out R04,treatment,high_concordance_no_bad_outcome,crossed REML,60,107,9,-0.0946,0.0899,-0.271 to 0.082,-0.296 to 0.107,-0.5,True,False,0.0278,0.0,0.8127,reviewer,True
leave out R05,treatment,high_concordance_no_bad_outcome,crossed REML,60,107,9,-0.1215,0.0858,-0.290 to 0.047,-0.314 to 0.071,-0.5,True,False,0.0,0.0,0.787,"case,reviewer",True
leave out R06,treatment,high_concordance_no_bad_outcome,crossed REML,60,104,9,-0.0865,0.0938,-0.270 to 0.097,-0.297 to 0.124,-0.5,True,False,0.0,0.0,0.9148,"case,reviewer",True
leave out R07,treatment,high_concordance_no_bad_outcome,crossed REML,60,107,9,-0.0645,0.0904,-0.242 to 0.113,-0.267 to 0.138,-0.5,True,False,0.0444,0.0,0.7913,reviewer,True
leave out R08,treatment,high_concordance_no_bad_outcome,crossed REML,60,110,9,-0.0455,0.0821,-0.206 to 0.115,-0.229 to 0.139,-0.5,True,False,0.0,0.0,0.741,"case,reviewer",True
leave out R09,treatment,high_concordance_no_bad_outcome,crossed REML,60,115,9,-0.087,0.0843,-0.252 to 0.078,-0.276 to 0.102,-0.5,True,False,0.0,0.0,0.8169,"case,reviewer",True
leave out R10,treatment,high_concordance_no_bad_outcome,crossed REML,60,107,9,-0.0935,0.0886,-0.267 to 0.080,-0.292 to 0.105,-0.5,True,False,0.0,0.0,0.8402,"case,reviewer",True
exclude ratings under 120s,treatment,high_concordance_no_bad_outcome,crossed REML,60,100,10,-0.12,0.0924,-0.301 to 0.061,-0.327 to 0.087,-0.5,True,False,0.0,0.0,0.8541,"case,reviewer",True
leave out R01,diagnostic,discordant_bad_outcome,crossed REML,240,433,9,0.0518,0.0693,-0.084 to 0.188,-0.103 to 0.207,-0.5,True,False,0.1717,0.0236,0.61,none,True
leave out R02,diagnostic,discordant_bad_outcome,crossed REML,240,431,9,0.0686,0.0693,-0.067 to 0.204,-0.087 to 0.224,-0.5,True,False,0.0757,0.0263,0.6543,none,True
leave out R03,diagnostic,discordant_bad_outcome,crossed REML,240,434,9,0.0511,0.0715,-0.089 to 0.191,-0.109 to 0.211,-0.5,True,False,0.0721,0.0285,0.697,none,True
leave out R04,diagnostic,discordant_bad_outcome,crossed REML,240,432,9,0.0931,0.0585,-0.022 to 0.208,-0.038 to 0.224,-0.5,True,False,0.1302,0.0119,0.6589,none,True
leave out R05,diagnostic,discordant_bad_outcome,crossed REML,240,426,9,0.0219,0.0648,-0.105 to 0.149,-0.123 to 0.167,-0.5,True,False,0.1639,0.0185,0.6027,none,True
leave out R06,diagnostic,discordant_bad_outcome,crossed REML,240,447,9,0.0715,0.0692,-0.064 to 0.207,-0.084 to 0.227,-0.5,True,False,0.1609,0.0245,0.6162,none,True
leave out R07,diagnostic,discordant_bad_outcome,crossed REML,240,438,9,0.049,0.0712,-0.091 to 0.189,-0.111 to 0.209,-0.5,True,False,0.1368,0.0264,0.6676,none,True
leave out R08,diagnostic,discordant_bad_outcome,crossed REML,240,421,9,0.0289,0.0679,-0.104 to 0.162,-0.123 to 0.181,-0.5,True,False,0.1005,0.0232,0.6593,none,True
leave out R09,diagnostic,discordant_bad_outcome,crossed REML,240,432,9,0.0309,0.0696,-0.105 to 0.167,-0.125 to 0.187,-0.5,True,False,0.1225,0.025,0.6511,none,True
leave out R10,diagnostic,discordant_bad_outcome,crossed REML,240,426,9,0.0647,0.0724,-0.077 to 0.207,-0.098 to 0.227,-0.5,True,False,0.1439,0.0278,0.642,none,True
exclude ratings under 120s,diagnostic,discordant_bad_outcome,crossed REML,240,428,10,0.0462,0.0645,-0.080 to 0.173,-0.098 to 0.191,-0.5,True,False,0.1121,0.0217,0.6353,none,True
leave out R01,diagnostic,high_concordance_no_bad_outcome,crossed REML,60,106,9,-0.1444,0.0947,-0.330 to 0.041,-0.357 to 0.068,-0.5,True,False,0.2455,0.0,0.5011,reviewer,True
leave out R02,diagnostic,high_concordance_no_bad_outcome,crossed REML,60,108,9,-0.112,0.0853,-0.279 to 0.055,-0.303 to 0.079,-0.5,True,False,0.0989,0.0,0.5996,reviewer,True
leave out R03,diagnostic,high_concordance_no_bad_outcome,crossed REML,60,109,9,-0.146,0.087,-0.317 to 0.024,-0.341 to 0.049,-0.5,True,False,0.0982,0.0,0.6396,reviewer,True
leave out R04,diagnostic,high_concordance_no_bad_outcome,crossed REML,60,107,9,-0.0929,0.0973,-0.283 to 0.098,-0.311 to 0.125,-0.5,True,False,0.2465,0.0,0.5567,reviewer,True
leave out R05,diagnostic,high_concordance_no_bad_outcome,crossed REML,60,107,9,-0.1278,0.0919,-0.308 to 0.052,-0.334 to 0.078,-0.5,True,False,0.1497,0.0,0.6261,reviewer,True
leave out R06,diagnostic,high_concordance_no_bad_outcome,crossed REML,60,104,9,-0.1121,0.0922,-0.293 to 0.069,-0.319 to 0.095,-0.5,True,False,0.1444,0.0,0.6215,reviewer,True
leave out R07,diagnostic,high_concordance_no_bad_outcome,crossed REML,60,107,9,-0.1209,0.0875,-0.292 to 0.051,-0.317 to 0.075,-0.5,True,False,0.0794,0.0,0.6706,reviewer,True
leave out R08,diagnostic,high_concordance_no_bad_outcome,crossed REML,60,110,9,-0.118,0.0857,-0.286 to 0.050,-0.310 to 0.074,-0.5,True,False,0.0874,0.0,0.642,reviewer,True
leave out R09,diagnostic,high_concordance_no_bad_outcome,crossed REML,60,115,9,-0.1208,0.0879,-0.293 to 0.052,-0.318 to 0.076,-0.5,True,False,0.1381,0.0,0.6201,reviewer,True
leave out R10,diagnostic,high_concordance_no_bad_outcome,crossed REML,60,107,9,-0.1606,0.09,-0.337 to 0.016,-0.362 to 0.041,-0.5,True,False,0.147,0.0,0.5939,reviewer,True
exclude ratings under 120s,diagnostic,high_concordance_no_bad_outcome,crossed REML,60,100,10,-0.1842,0.0981,-0.376 to 0.008,-0.404 to 0.036,-0.5,True,False,0.2469,0.0,0.5289,reviewer,True
