Subgroup,Level,num_patients,Recall/Sensitivity,Precision,Specificity,F1,p (F1),Balanced Accuracy,p (Balanced Accuracy),PABAK,p (PABAK),MCC,p (MCC)
Overall,Overall,3000,0.89 (0.25),0.50 (0.37),0.92 (0.07),0.73 (0.21),,0.90 (0.12),,0.82 (0.13),,0.69 (0.26),
Age,>=median (46),1555,0.88 (0.25),0.49 (0.37),0.92 (0.07),0.73 (0.21),0.604,0.90 (0.12),0.757,0.82 (0.13),0.902,0.69 (0.26),0.563
Age,<median (46),1445,0.89 (0.24),0.50 (0.36),0.92 (0.07),0.73 (0.21),0.604,0.90 (0.12),0.757,0.82 (0.13),0.902,0.70 (0.26),0.563
Sex,Male,1169,0.90 (0.23),0.49 (0.36),0.91 (0.07),0.72 (0.21),0.069,0.90 (0.11),0.134,0.82 (0.13),0.894,0.69 (0.25),0.981
Sex,Female,1831,0.88 (0.26),0.50 (0.37),0.92 (0.07),0.74 (0.21),0.069,0.90 (0.13),0.134,0.82 (0.14),0.894,0.69 (0.27),0.981
Race,African American,108,0.85 (0.29),0.47 (0.37),0.91 (0.07),0.72 (0.21),0.390,0.88 (0.14),0.336,0.80 (0.14),0.148,0.66 (0.28),0.416
Race,Asian,40,0.95 (0.15),0.53 (0.34),0.91 (0.08),0.72 (0.22),0.390,0.92 (0.11),0.336,0.82 (0.17),0.148,0.72 (0.23),0.416
Race,Native American or Pacific Islander,31,0.87 (0.26),0.55 (0.42),0.93 (0.07),0.81 (0.21),0.390,0.91 (0.13),0.336,0.86 (0.14),0.148,0.76 (0.28),0.416
Race,White,2698,0.89 (0.25),0.49 (0.37),0.92 (0.07),0.73 (0.21),0.390,0.90 (0.12),0.336,0.82 (0.13),0.148,0.69 (0.26),0.416
Race,Other,123,0.89 (0.24),0.51 (0.37),0.93 (0.06),0.74 (0.20),0.390,0.91 (0.11),0.336,0.84 (0.12),0.148,0.71 (0.25),0.416
Ethnicity,Hispanic or Latino,140,0.87 (0.26),0.51 (0.38),0.92 (0.07),0.75 (0.21),0.318,0.89 (0.13),0.638,0.83 (0.14),0.724,0.70 (0.28),0.728
Ethnicity,Not Hispanic or Latino,2787,0.89 (0.25),0.49 (0.36),0.91 (0.07),0.73 (0.21),0.318,0.90 (0.12),0.638,0.82 (0.13),0.724,0.69 (0.26),0.728
Psychiatric diagnosis: Anxiety disorders,Yes,1993,0.89 (0.25),0.49 (0.36),0.91 (0.07),0.73 (0.21),0.396,0.90 (0.12),0.638,0.82 (0.13),0.384,0.69 (0.26),0.268
Psychiatric diagnosis: Anxiety disorders,No,1007,0.89 (0.24),0.51 (0.37),0.92 (0.07),0.74 (0.21),0.396,0.90 (0.12),0.638,0.83 (0.13),0.384,0.70 (0.25),0.268
Psychiatric diagnosis: Attention-deficit/hyperactivity disorder,Yes,426,0.91 (0.22),0.51 (0.36),0.91 (0.07),0.74 (0.21),0.567,0.91 (0.11),0.079,0.83 (0.13),0.543,0.71 (0.25),0.218
Psychiatric diagnosis: Attention-deficit/hyperactivity disorder,No,2574,0.88 (0.25),0.49 (0.37),0.92 (0.07),0.73 (0.21),0.567,0.90 (0.12),0.079,0.82 (0.13),0.543,0.69 (0.26),0.218
Psychiatric diagnosis: Bipolar-spectrum disorders,Yes,309,0.89 (0.24),0.47 (0.37),0.91 (0.07),0.72 (0.21),0.303,0.90 (0.11),0.742,0.82 (0.14),0.526,0.68 (0.25),0.619
Psychiatric diagnosis: Bipolar-spectrum disorders,No,2691,0.89 (0.25),0.50 (0.37),0.92 (0.07),0.73 (0.21),0.303,0.90 (0.12),0.742,0.82 (0.13),0.526,0.69 (0.26),0.619
Psychiatric diagnosis: Depressive disorders,Yes,1842,0.89 (0.25),0.49 (0.37),0.91 (0.07),0.73 (0.21),0.205,0.90 (0.12),0.698,0.82 (0.13),0.374,0.69 (0.26),0.360
Psychiatric diagnosis: Depressive disorders,No,1158,0.89 (0.24),0.51 (0.36),0.92 (0.07),0.74 (0.20),0.205,0.90 (0.12),0.698,0.83 (0.13),0.374,0.70 (0.26),0.360
Psychiatric diagnosis: Psychosis-spectrum disorders,Yes,128,0.87 (0.27),0.52 (0.36),0.92 (0.07),0.73 (0.21),0.969,0.89 (0.13),0.609,0.82 (0.13),0.897,0.69 (0.27),0.879
Psychiatric diagnosis: Psychosis-spectrum disorders,No,2872,0.89 (0.25),0.49 (0.37),0.92 (0.07),0.73 (0.21),0.969,0.90 (0.12),0.609,0.82 (0.13),0.897,0.69 (0.26),0.879
Psychiatric diagnosis: Obsessive-compulsive disorders,Yes,105,0.88 (0.25),0.47 (0.37),0.91 (0.07),0.71 (0.23),0.336,0.89 (0.12),0.714,0.81 (0.14),0.452,0.67 (0.28),0.523
Psychiatric diagnosis: Obsessive-compulsive disorders,No,2895,0.89 (0.25),0.50 (0.37),0.92 (0.07),0.73 (0.20),0.336,0.90 (0.12),0.714,0.82 (0.13),0.452,0.69 (0.26),0.523
Psychiatric diagnosis: Posttraumatic stress disorder,Yes,455,0.89 (0.24),0.51 (0.36),0.91 (0.07),0.73 (0.19),0.837,0.90 (0.12),0.823,0.82 (0.13),0.721,0.70 (0.24),0.708
Psychiatric diagnosis: Posttraumatic stress disorder,No,2545,0.89 (0.25),0.49 (0.37),0.92 (0.07),0.73 (0.21),0.837,0.90 (0.12),0.823,0.82 (0.13),0.721,0.69 (0.26),0.708
Medical comorbidity,Yes,2405,0.89 (0.25),0.50 (0.37),0.92 (0.07),0.73 (0.21),0.427,0.90 (0.12),0.828,0.82 (0.14),0.564,0.69 (0.26),0.691
Medical comorbidity,No,595,0.88 (0.25),0.47 (0.36),0.91 (0.07),0.72 (0.20),0.427,0.90 (0.12),0.828,0.82 (0.13),0.564,0.69 (0.25),0.691
Number of psychiatric diagnoses,>=median (2),2119,0.89 (0.25),0.49 (0.37),0.91 (0.07),0.73 (0.21),0.114,0.90 (0.12),0.592,0.82 (0.13),0.083,0.69 (0.26),0.315
Number of psychiatric diagnoses,<median (2),881,0.88 (0.25),0.51 (0.37),0.92 (0.07),0.74 (0.20),0.114,0.90 (0.12),0.592,0.83 (0.13),0.083,0.70 (0.26),0.315
Number of medical diagnoses,>=median (3),1667,0.89 (0.24),0.50 (0.37),0.92 (0.07),0.74 (0.21),0.046,0.90 (0.12),0.083,0.83 (0.13),0.071,0.70 (0.26),0.065
Number of medical diagnoses,<median (3),1333,0.88 (0.25),0.49 (0.36),0.91 (0.07),0.72 (0.21),0.046,0.89 (0.12),0.083,0.82 (0.14),0.071,0.68 (0.26),0.065
Pre-index visit psychiatric ER visit/hospitalization,Yes,461,0.90 (0.23),0.48 (0.37),0.91 (0.07),0.72 (0.21),0.506,0.90 (0.11),0.469,0.82 (0.14),0.829,0.69 (0.25),0.977
Pre-index visit psychiatric ER visit/hospitalization,No,2539,0.88 (0.25),0.50 (0.37),0.92 (0.07),0.73 (0.21),0.506,0.90 (0.12),0.469,0.82 (0.13),0.829,0.69 (0.26),0.977
Pre-index visit medical ER visit/hospitalization,Yes,965,0.88 (0.25),0.50 (0.37),0.92 (0.07),0.74 (0.20),0.364,0.90 (0.12),0.704,0.83 (0.13),0.118,0.70 (0.25),0.541
Pre-index visit medical ER visit/hospitalization,No,2035,0.89 (0.25),0.49 (0.37),0.91 (0.07),0.73 (0.21),0.364,0.90 (0.12),0.704,0.82 (0.14),0.118,0.69 (0.26),0.541
Pre-index visit suicidal thoughts/behaviors,Yes,548,0.88 (0.26),0.47 (0.37),0.91 (0.07),0.72 (0.20),0.512,0.90 (0.12),0.626,0.82 (0.13),0.567,0.68 (0.26),0.252
Pre-index visit suicidal thoughts/behaviors,No,2452,0.89 (0.24),0.50 (0.37),0.92 (0.07),0.73 (0.21),0.512,0.90 (0.12),0.626,0.82 (0.14),0.567,0.70 (0.26),0.252
Pre-index visit medication nonadherence,Yes,697,0.89 (0.24),0.48 (0.37),0.91 (0.07),0.73 (0.21),0.521,0.90 (0.12),0.945,0.82 (0.13),0.554,0.69 (0.25),0.899
Pre-index visit medication nonadherence,No,2303,0.89 (0.25),0.50 (0.37),0.92 (0.07),0.73 (0.21),0.521,0.90 (0.12),0.945,0.82 (0.13),0.554,0.69 (0.26),0.899
Pre-index visit psychiatric appointment no-show,Yes,1087,0.89 (0.24),0.50 (0.36),0.91 (0.07),0.73 (0.20),0.963,0.90 (0.12),0.748,0.82 (0.14),0.553,0.70 (0.25),0.398
Pre-index visit psychiatric appointment no-show,No,1913,0.88 (0.25),0.49 (0.37),0.92 (0.07),0.73 (0.21),0.963,0.90 (0.12),0.748,0.82 (0.13),0.553,0.69 (0.26),0.398
Follow-up: Psychiatric ER visit/hospitalization,Yes,387,0.87 (0.26),0.45 (0.36),0.91 (0.07),0.71 (0.20),0.123,0.89 (0.12),0.155,0.81 (0.13),0.062,0.67 (0.26),0.109
Follow-up: Psychiatric ER visit/hospitalization,No,2613,0.89 (0.25),0.50 (0.37),0.92 (0.07),0.73 (0.21),0.123,0.90 (0.12),0.155,0.82 (0.13),0.062,0.70 (0.26),0.109
Follow-up: Psychiatric ER visit,Yes,216,0.86 (0.26),0.46 (0.36),0.91 (0.07),0.71 (0.20),0.232,0.89 (0.12),0.120,0.81 (0.14),0.100,0.67 (0.26),0.198
Follow-up: Psychiatric ER visit,No,2784,0.89 (0.25),0.50 (0.37),0.92 (0.07),0.73 (0.21),0.232,0.90 (0.12),0.120,0.82 (0.13),0.100,0.69 (0.26),0.198
Follow-up: Psychiatric hospitalization,Yes,192,0.88 (0.26),0.44 (0.36),0.91 (0.06),0.72 (0.19),0.507,0.90 (0.12),0.685,0.82 (0.13),0.428,0.67 (0.26),0.387
Follow-up: Psychiatric hospitalization,No,2808,0.89 (0.25),0.50 (0.37),0.92 (0.07),0.73 (0.21),0.507,0.90 (0.12),0.685,0.82 (0.13),0.428,0.69 (0.26),0.387
Follow-up: Medical ER visit/hospitalization,Yes,922,0.88 (0.25),0.49 (0.37),0.91 (0.07),0.72 (0.20),0.174,0.90 (0.12),0.377,0.82 (0.13),0.161,0.69 (0.25),0.442
Follow-up: Medical ER visit/hospitalization,No,2078,0.89 (0.25),0.50 (0.37),0.92 (0.07),0.73 (0.21),0.174,0.90 (0.12),0.377,0.83 (0.13),0.161,0.69 (0.26),0.442
Follow-up: Medical ER visit,Yes,697,0.89 (0.25),0.49 (0.36),0.91 (0.07),0.72 (0.20),0.471,0.90 (0.12),0.878,0.82 (0.14),0.397,0.69 (0.25),0.787
Follow-up: Medical ER visit,No,2303,0.88 (0.25),0.50 (0.37),0.92 (0.07),0.73 (0.21),0.471,0.90 (0.12),0.878,0.82 (0.13),0.397,0.69 (0.26),0.787
Follow-up: Medical hospitalization,Yes,340,0.85 (0.27),0.48 (0.38),0.92 (0.07),0.73 (0.21),0.726,0.88 (0.13),0.028,0.82 (0.13),0.424,0.67 (0.28),0.239
Follow-up: Medical hospitalization,No,2660,0.89 (0.24),0.50 (0.36),0.92 (0.07),0.73 (0.21),0.726,0.90 (0.12),0.028,0.82 (0.13),0.424,0.69 (0.26),0.239
Follow-up: Any ER visit/hospitalization,Yes,1169,0.88 (0.25),0.48 (0.36),0.91 (0.07),0.72 (0.20),0.057,0.90 (0.12),0.168,0.82 (0.13),0.106,0.68 (0.26),0.127
Follow-up: Any ER visit/hospitalization,No,1831,0.89 (0.24),0.50 (0.37),0.92 (0.07),0.74 (0.21),0.057,0.90 (0.12),0.168,0.83 (0.13),0.106,0.70 (0.26),0.127
Follow-up: Any ER visit,Yes,857,0.89 (0.25),0.49 (0.36),0.91 (0.07),0.72 (0.20),0.134,0.90 (0.12),0.567,0.82 (0.13),0.141,0.68 (0.25),0.303
Follow-up: Any ER visit,No,2143,0.89 (0.25),0.50 (0.37),0.92 (0.07),0.73 (0.21),0.134,0.90 (0.12),0.567,0.83 (0.13),0.141,0.70 (0.26),0.303
Follow-up: Any hospitalization,Yes,509,0.86 (0.27),0.47 (0.37),0.91 (0.07),0.73 (0.20),0.589,0.89 (0.13),0.050,0.82 (0.13),0.375,0.67 (0.27),0.139
Follow-up: Any hospitalization,No,2491,0.89 (0.24),0.50 (0.36),0.92 (0.07),0.73 (0.21),0.589,0.90 (0.12),0.050,0.82 (0.14),0.375,0.70 (0.26),0.139
Follow-up: Onset of suicidal thoughts/behaviors,Yes,279,0.87 (0.25),0.46 (0.36),0.91 (0.07),0.71 (0.20),0.088,0.89 (0.12),0.186,0.81 (0.14),0.070,0.67 (0.26),0.139
Follow-up: Onset of suicidal thoughts/behaviors,No,2239,0.89 (0.24),0.50 (0.36),0.92 (0.07),0.73 (0.21),0.088,0.90 (0.12),0.186,0.82 (0.13),0.070,0.70 (0.26),0.139
Follow-up: Onset of suicidal thoughts,Yes,204,0.87 (0.26),0.45 (0.36),0.91 (0.07),0.71 (0.21),0.144,0.89 (0.13),0.223,0.81 (0.14),0.232,0.67 (0.26),0.222
Follow-up: Onset of suicidal thoughts,No,2501,0.89 (0.25),0.50 (0.37),0.92 (0.07),0.73 (0.21),0.144,0.90 (0.12),0.223,0.82 (0.13),0.232,0.69 (0.26),0.222
Follow-up: Onset of suicidal behaviors,Yes,114,0.88 (0.24),0.49 (0.36),0.91 (0.07),0.72 (0.20),0.667,0.90 (0.12),0.733,0.81 (0.14),0.401,0.69 (0.24),0.772
Follow-up: Onset of suicidal behaviors,No,2647,0.89 (0.25),0.50 (0.37),0.92 (0.07),0.73 (0.21),0.667,0.90 (0.12),0.733,0.82 (0.13),0.401,0.69 (0.26),0.772
Follow-up: Remission of suicidal thoughts/behaviors,Yes,234,0.89 (0.26),0.51 (0.37),0.92 (0.07),0.74 (0.21),0.988,0.90 (0.13),0.649,0.83 (0.14),0.653,0.69 (0.27),0.721
Follow-up: Remission of suicidal thoughts/behaviors,No,248,0.88 (0.27),0.46 (0.38),0.91 (0.07),0.74 (0.20),0.988,0.90 (0.13),0.649,0.82 (0.13),0.653,0.68 (0.28),0.721
Follow-up: Remission of suicidal thoughts,Yes,155,0.90 (0.24),0.53 (0.37),0.92 (0.07),0.74 (0.21),0.703,0.91 (0.12),0.320,0.84 (0.13),0.108,0.71 (0.26),0.543
Follow-up: Remission of suicidal thoughts,No,140,0.90 (0.25),0.43 (0.37),0.91 (0.07),0.73 (0.20),0.703,0.90 (0.11),0.320,0.81 (0.13),0.108,0.69 (0.25),0.543
Follow-up: Remission of suicidal behaviors,Yes,138,0.88 (0.27),0.51 (0.37),0.92 (0.07),0.75 (0.20),0.579,0.90 (0.13),0.800,0.83 (0.14),0.754,0.70 (0.28),0.569
Follow-up: Remission of suicidal behaviors,No,101,0.87 (0.29),0.45 (0.38),0.91 (0.07),0.73 (0.20),0.579,0.89 (0.14),0.800,0.82 (0.13),0.754,0.67 (0.29),0.569
Follow-up: Psychotropic medication nonadherence,Yes,650,0.88 (0.26),0.47 (0.36),0.91 (0.07),0.71 (0.21),0.030,0.89 (0.13),0.342,0.82 (0.14),0.118,0.67 (0.27),0.020
Follow-up: Psychotropic medication nonadherence,No,2350,0.89 (0.24),0.50 (0.37),0.92 (0.07),0.74 (0.21),0.030,0.90 (0.12),0.342,0.82 (0.13),0.118,0.70 (0.26),0.020
Follow-up: Psychiatric appointment no-show,Yes,806,0.88 (0.26),0.49 (0.37),0.92 (0.07),0.74 (0.20),0.262,0.90 (0.13),0.282,0.82 (0.14),0.922,0.69 (0.27),0.896
Follow-up: Psychiatric appointment no-show,No,2194,0.89 (0.24),0.50 (0.36),0.92 (0.07),0.73 (0.21),0.262,0.90 (0.12),0.282,0.82 (0.13),0.922,0.69 (0.26),0.896
Follow-up: All-cause mortality,Yes,156,0.90 (0.25),0.47 (0.37),0.91 (0.07),0.72 (0.21),0.762,0.90 (0.11),0.747,0.82 (0.12),0.671,0.69 (0.26),0.790
Follow-up: All-cause mortality,No,2844,0.89 (0.25),0.50 (0.37),0.92 (0.07),0.73 (0.21),0.762,0.90 (0.12),0.747,0.82 (0.13),0.671,0.69 (0.26),0.790
Follow-up: Any of 4 negative outcomes,Yes,1553,0.88 (0.25),0.48 (0.37),0.91 (0.07),0.72 (0.20),0.124,0.90 (0.12),0.247,0.82 (0.13),0.081,0.69 (0.26),0.242
Follow-up: Any of 4 negative outcomes,No,1447,0.89 (0.25),0.51 (0.37),0.92 (0.07),0.74 (0.21),0.124,0.90 (0.12),0.247,0.83 (0.13),0.081,0.70 (0.26),0.242
Follow-up: Any of 6 negative outcomes,Yes,2112,0.88 (0.25),0.48 (0.37),0.91 (0.07),0.72 (0.20),0.052,0.90 (0.12),0.065,0.82 (0.13),0.007,0.68 (0.26),0.026
Follow-up: Any of 6 negative outcomes,No,888,0.89 (0.23),0.52 (0.37),0.92 (0.07),0.74 (0.21),0.052,0.91 (0.12),0.065,0.83 (0.13),0.007,0.71 (0.25),0.026
Severe mental illness,Yes,1724,0.88 (0.25),0.49 (0.37),0.91 (0.07),0.72 (0.21),0.138,0.90 (0.12),0.438,0.82 (0.13),0.603,0.68 (0.26),0.111
Severe mental illness,No,1276,0.89 (0.24),0.51 (0.36),0.92 (0.07),0.74 (0.20),0.138,0.90 (0.12),0.438,0.82 (0.13),0.603,0.70 (0.25),0.111
Severe mental illness + >=1 psychiatric comorbidity,Yes,1477,0.89 (0.25),0.49 (0.36),0.91 (0.07),0.72 (0.21),0.149,0.90 (0.12),0.784,0.82 (0.13),0.687,0.69 (0.26),0.231
Severe mental illness + >=1 psychiatric comorbidity,No,1523,0.89 (0.24),0.50 (0.37),0.92 (0.07),0.74 (0.21),0.149,0.90 (0.12),0.784,0.82 (0.13),0.687,0.70 (0.26),0.231
Severe mental illness + >=2 psychiatric comorbidities,Yes,827,0.89 (0.25),0.48 (0.36),0.91 (0.07),0.72 (0.21),0.198,0.90 (0.12),0.769,0.82 (0.13),0.975,0.68 (0.26),0.226
Severe mental illness + >=2 psychiatric comorbidities,No,2173,0.88 (0.25),0.50 (0.37),0.92 (0.07),0.73 (0.21),0.198,0.90 (0.12),0.769,0.82 (0.14),0.975,0.70 (0.26),0.226
Severe mental illness with pre-index ER visit/hospitalization,Yes,762,0.89 (0.25),0.48 (0.37),0.92 (0.07),0.73 (0.21),0.694,0.90 (0.12),0.794,0.83 (0.13),0.452,0.69 (0.26),0.742
Severe mental illness with pre-index ER visit/hospitalization,No,2238,0.89 (0.25),0.50 (0.36),0.91 (0.07),0.73 (0.21),0.694,0.90 (0.12),0.794,0.82 (0.13),0.452,0.69 (0.26),0.742
Primary psychiatric diagnosis,Yes,2796,0.89 (0.25),0.49 (0.36),0.91 (0.07),0.73 (0.21),0.030,0.90 (0.12),0.663,0.82 (0.13),0.144,0.69 (0.26),0.387
Primary psychiatric diagnosis,No,204,0.87 (0.27),0.56 (0.38),0.92 (0.08),0.76 (0.21),0.030,0.90 (0.14),0.663,0.84 (0.15),0.144,0.71 (0.28),0.387
Primary medical diagnosis,Yes,1763,0.89 (0.24),0.50 (0.37),0.92 (0.07),0.73 (0.21),0.924,0.90 (0.12),0.300,0.82 (0.14),0.756,0.70 (0.26),0.348
Primary medical diagnosis,No,1237,0.88 (0.26),0.49 (0.36),0.92 (0.07),0.73 (0.20),0.924,0.90 (0.13),0.300,0.82 (0.13),0.756,0.69 (0.26),0.348
