Subgroup,Level,num_patients,num_patients (F1 computable),Recall/Sensitivity,Precision,Specificity,F1,Balanced Accuracy,PABAK,p (F1),p (Balanced Accuracy),p (PABAK)
Overall,Overall,2000,1546,0.53 (0.37),0.34 (0.29),0.78 (0.16),0.48 (0.21),0.65 (0.20),0.48 (0.30),,,
Sex,Male,774,594,0.53 (0.38),0.35 (0.30),0.78 (0.17),0.49 (0.22),0.65 (0.21),0.48 (0.31),0.069,0.881,0.949
Sex,Female,1226,952,0.53 (0.37),0.34 (0.29),0.78 (0.16),0.47 (0.21),0.65 (0.20),0.48 (0.29),0.069,0.881,0.949
Race,White,1761,1371,0.53 (0.37),0.35 (0.29),0.78 (0.16),0.47 (0.21),0.65 (0.20),0.48 (0.30),0.016,0.665,0.162
Race,African American,71,52,0.56 (0.41),0.34 (0.32),0.79 (0.16),0.48 (0.21),0.67 (0.21),0.51 (0.28),0.016,0.665,0.162
Race,Native American or Pacific Islander,30,22,0.50 (0.41),0.21 (0.19),0.72 (0.17),0.36 (0.17),0.61 (0.21),0.37 (0.31),0.016,0.665,0.162
Race,Asian,36,23,0.46 (0.41),0.36 (0.36),0.81 (0.17),0.55 (0.26),0.63 (0.22),0.53 (0.30),0.016,0.665,0.162
Race,Other,102,78,0.53 (0.38),0.37 (0.31),0.79 (0.16),0.51 (0.24),0.66 (0.21),0.50 (0.30),0.016,0.665,0.162
Psychiatric diagnosis,Anxiety disorder,1064,819,0.53 (0.37),0.34 (0.29),0.77 (0.17),0.47 (0.21),0.65 (0.20),0.47 (0.31),0.838,0.450,0.447
Psychiatric diagnosis,Depressive disorder,1034,806,0.53 (0.37),0.35 (0.29),0.78 (0.17),0.48 (0.21),0.66 (0.20),0.48 (0.30),0.838,0.450,0.447
Psychiatric diagnosis,ADHD,199,157,0.57 (0.38),0.34 (0.28),0.79 (0.16),0.48 (0.21),0.68 (0.20),0.51 (0.30),0.838,0.450,0.447
Psychiatric diagnosis,Bipolar-spectrum disorder,169,119,0.47 (0.39),0.35 (0.33),0.80 (0.16),0.49 (0.23),0.64 (0.21),0.51 (0.29),0.838,0.450,0.447
Psychiatric diagnosis,Psychotic disorder,111,81,0.52 (0.39),0.32 (0.29),0.77 (0.17),0.48 (0.22),0.65 (0.21),0.48 (0.31),0.838,0.450,0.447
Psychiatric diagnosis,OCD,67,46,0.47 (0.40),0.33 (0.30),0.81 (0.15),0.49 (0.21),0.64 (0.21),0.50 (0.28),0.838,0.450,0.447
Number of psychiatric diagnoses,at or above median (2),1424,1092,0.53 (0.38),0.34 (0.29),0.78 (0.16),0.48 (0.21),0.65 (0.20),0.49 (0.30),0.816,0.937,0.518
Number of psychiatric diagnoses,below median (2),576,454,0.53 (0.37),0.35 (0.29),0.78 (0.16),0.47 (0.22),0.65 (0.20),0.48 (0.30),0.816,0.937,0.518
Severe mental illness,Yes,1167,899,0.53 (0.37),0.35 (0.29),0.78 (0.16),0.48 (0.21),0.65 (0.20),0.48 (0.30),0.544,0.939,0.747
Severe mental illness,No,833,647,0.53 (0.37),0.34 (0.29),0.78 (0.16),0.47 (0.21),0.65 (0.20),0.48 (0.30),0.544,0.939,0.747
Hospitalization/ER visit in the last 3 months,Yes,394,307,0.54 (0.38),0.33 (0.28),0.78 (0.15),0.48 (0.21),0.66 (0.20),0.49 (0.28),0.932,0.396,0.716
Hospitalization/ER visit in the last 3 months,No,1606,1239,0.52 (0.37),0.35 (0.30),0.78 (0.17),0.48 (0.21),0.65 (0.20),0.48 (0.31),0.932,0.396,0.716
Suicidal thoughts/behaviors,Yes,824,644,0.54 (0.37),0.36 (0.30),0.78 (0.16),0.49 (0.22),0.66 (0.21),0.50 (0.30),0.018,0.159,0.112
Suicidal thoughts/behaviors,No,1176,902,0.52 (0.37),0.33 (0.29),0.78 (0.16),0.47 (0.20),0.65 (0.20),0.47 (0.30),0.018,0.159,0.112
