Characteristic,Overall (n=2000),F1-analyzable (n=1546),F1 upper half (n=745),F1 lower half (n=801),Effect size (95% CI),p,num_patients
Female sex,1226 (61.3),952 (61.6),445 (59.7),507 (63.3),phi -0.037 (-0.086 to 0.013),0.150,445
Race: African American,71 (3.5),52 (3.4),25 (3.4),27 (3.4),phi -0.000 (-0.050 to 0.049),0.987,25
Race: Asian,36 (1.8),23 (1.5),14 (1.9),9 (1.1),phi 0.031 (-0.019 to 0.081),0.220,9
Race: Native American or Pacific Islander,30 (1.5),22 (1.4),6 (0.8),16 (2.0),phi -0.050 (-0.100 to -0.000),0.048,6
Race: White,1761 (88.0),1371 (88.7),658 (88.3),713 (89.0),phi -0.011 (-0.061 to 0.039),0.668,658
Race: Other,102 (5.1),78 (5.0),42 (5.6),36 (4.5),phi 0.026 (-0.024 to 0.076),0.305,36
Ethnicity: Hispanic/Latino,126 (6.3),99 (6.4),49 (6.6),50 (6.2),phi 0.007 (-0.043 to 0.057),0.788,49
Ethnicity: Not Hispanic/Latino,1874 (93.7),1447 (93.6),696 (93.4),751 (93.8),phi -0.007 (-0.057 to 0.043),0.788,696
Education: College/associate degree,720 (36.0),543 (35.1),255 (34.2),288 (36.0),phi -0.018 (-0.068 to 0.032),0.477,255
Education: High school graduate or GED,442 (22.1),349 (22.6),174 (23.4),175 (21.8),phi 0.018 (-0.032 to 0.068),0.479,174
Education: Bachelor's degree,449 (22.4),356 (23.0),167 (22.4),189 (23.6),phi -0.014 (-0.064 to 0.036),0.582,167
Education: Graduate/professional degree,296 (14.8),228 (14.7),118 (15.8),110 (13.7),phi 0.030 (-0.020 to 0.079),0.243,110
Education: Less than high school,78 (3.9),60 (3.9),26 (3.5),34 (4.2),phi -0.020 (-0.069 to 0.030),0.443,26
Education: Other,15 (0.8),10 (0.6),5 (0.7),5 (0.6),phi 0.003 (-0.047 to 0.053),0.908,5
Psychiatric diagnosis: Anxiety disorder,1064 (53.2),819 (53.0),383 (51.4),436 (54.4),phi -0.030 (-0.080 to 0.020),0.234,383
Psychiatric diagnosis: Depressive disorder,1034 (51.7),806 (52.1),395 (53.0),411 (51.3),phi 0.017 (-0.033 to 0.067),0.501,395
Psychiatric diagnosis: ADHD,199 (9.9),157 (10.2),81 (10.9),76 (9.5),phi 0.023 (-0.027 to 0.073),0.368,76
Psychiatric diagnosis: Bipolar-spectrum disorder,169 (8.4),119 (7.7),55 (7.4),64 (8.0),phi -0.011 (-0.061 to 0.038),0.654,55
Psychiatric diagnosis: Psychotic disorder,111 (5.5),81 (5.2),40 (5.4),41 (5.1),phi 0.006 (-0.044 to 0.055),0.825,40
Psychiatric diagnosis: OCD,67 (3.4),46 (3.0),22 (3.0),24 (3.0),phi -0.001 (-0.051 to 0.049),0.960,22
Severe mental illness,1167 (58.4),899 (58.2),441 (59.2),458 (57.2),phi 0.020 (-0.029 to 0.070),0.422,441
At least 2 psychiatric diagnoses,1424 (71.2),1092 (70.6),534 (71.7),558 (69.7),phi 0.022 (-0.028 to 0.072),0.385,534
Medical comorbidity,1659 (83.0),1285 (83.1),607 (81.5),678 (84.6),phi -0.042 (-0.092 to 0.008),0.097,607
Treatment: Antidepressant,1390 (69.5),1148 (74.3),592 (79.5),556 (69.4),phi 0.115 (0.065 to 0.164),<0.001,556
Treatment: SSRI,785 (39.2),663 (42.9),352 (47.2),311 (38.8),phi 0.085 (0.035 to 0.134),<0.001,311
Treatment: Atypical Antidepressant,669 (33.5),565 (36.5),291 (39.1),274 (34.2),phi 0.050 (0.001 to 0.100),0.048,274
Treatment: SNRI,409 (20.4),361 (23.4),192 (25.8),169 (21.1),phi 0.055 (0.005 to 0.105),0.030,169
Treatment: TCA,121 (6.0),108 (7.0),55 (7.4),53 (6.6),phi 0.015 (-0.035 to 0.065),0.555,53
Treatment: MAOI,31 (1.6),25 (1.6),17 (2.3),8 (1.0),phi 0.051 (0.001 to 0.100),0.046,8
Treatment: Antipsychotic,626 (31.3),533 (34.5),259 (34.8),274 (34.2),phi 0.006 (-0.044 to 0.056),0.818,259
Treatment: SGA,402 (20.1),344 (22.3),165 (22.1),179 (22.3),phi -0.002 (-0.052 to 0.047),0.925,165
Treatment: SGA excl. Clozapine,371 (18.6),320 (20.7),148 (19.9),172 (21.5),phi -0.020 (-0.070 to 0.030),0.436,148
Treatment: Clozapine,37 (1.9),29 (1.9),21 (2.8),8 (1.0),phi 0.067 (0.017 to 0.116),0.008,8
Treatment: FGA,290 (14.5),252 (16.3),123 (16.5),129 (16.1),phi 0.005 (-0.044 to 0.055),0.829,123
Treatment: Mood Stabilizer,249 (12.4),214 (13.8),116 (15.6),98 (12.2),phi 0.048 (-0.002 to 0.098),0.058,98
Treatment: Anxiolytic/Hypnotic,1002 (50.1),833 (53.9),435 (58.4),398 (49.7),phi 0.087 (0.038 to 0.136),<0.001,398
Treatment: Benzodiazepine,925 (46.2),772 (49.9),400 (53.7),372 (46.4),phi 0.072 (0.023 to 0.122),0.004,372
Treatment: Z Drug,139 (7.0),120 (7.8),73 (9.8),47 (5.9),phi 0.073 (0.024 to 0.123),0.004,47
Treatment: Stimulant,277 (13.8),233 (15.1),118 (15.8),115 (14.4),phi 0.021 (-0.029 to 0.070),0.416,115
Treatment: Non-stimulant ADHD medication,127 (6.3),104 (6.7),56 (7.5),48 (6.0),phi 0.030 (-0.019 to 0.080),0.232,48
Treatment: Psychotherapy,874 (43.7),733 (47.4),383 (51.4),350 (43.7),phi 0.077 (0.027 to 0.127),0.002,350
Treatment: CBT,426 (21.3),371 (24.0),207 (27.8),164 (20.5),phi 0.086 (0.036 to 0.135),<0.001,164
Treatment: DBT,92 (4.6),79 (5.1),40 (5.4),39 (4.9),phi 0.011 (-0.039 to 0.061),0.655,39
Treatment: ACT,78 (3.9),62 (4.0),29 (3.9),33 (4.1),phi -0.006 (-0.056 to 0.044),0.820,29
Treatment: EMDR,34 (1.7),28 (1.8),15 (2.0),13 (1.6),phi 0.015 (-0.035 to 0.064),0.565,13
Treatment: Other,420 (21.0),361 (23.4),185 (24.8),176 (22.0),phi 0.034 (-0.016 to 0.083),0.184,176
"Age, mean (SD)",47.42 (16.81),47.67 (16.81),47.41 (16.79),47.90 (16.82),SMD -0.029 (-0.129 to 0.071),0.565,1546
"Body Mass Index, mean (SD)",28.31 (5.82),28.25 (5.84),28.16 (5.92),28.34 (5.77),SMD -0.032 (-0.132 to 0.068),0.528,1546
"Number of psychiatric diagnoses, median (IQR)",2 (1-3),2 (1-3),2 (1-3),2 (1-3),SMD -0.014 (-0.114 to 0.086),0.782,1546
